/* INSERIMENTI */
INSERT INTO Expected_Zone VALUES('VDA','Valle Di Aosta');
INSERT INTO Expected_Zone VALUES('PIE','Piemonte');
INSERT INTO Expected_Zone VALUES('LOM','Lombardia');
INSERT INTO Expected_Zone VALUES('LIG','Liguria');
INSERT INTO Expected_Zone VALUES('TAD','Trentino Alto Adige');
INSERT INTO Expected_Zone VALUES('VEN','Veneto');
INSERT INTO Expected_Zone VALUES('FVG','Friuli Venezia Giulia');
INSERT INTO Expected_Zone VALUES('TOS','Toscana');
INSERT INTO Expected_Zone VALUES('EMR','Emilia Romagna');
INSERT INTO Expected_Zone VALUES('MAR','Marche');
INSERT INTO Expected_Zone VALUES('UMB','Umbria');
INSERT INTO Expected_Zone VALUES('LAZ','Lazio');
INSERT INTO Expected_Zone VALUES('CAM','Campania');
INSERT INTO Expected_Zone VALUES('MOL','Molise');
INSERT INTO Expected_Zone VALUES('BAS','Basilicata');
INSERT INTO Expected_Zone VALUES('ABR','Abruzzo');
INSERT INTO Expected_Zone VALUES('PUG','Puglia');
INSERT INTO Expected_Zone VALUES('CAL','Calabria');
INSERT INTO Expected_Zone VALUES('SIC','Sicilia');
INSERT INTO Expected_Zone VALUES('SAR','Sardegna');
INSERT INTO Expected_Zone VALUES('XXX','Estero');

INSERT INTO Users(email, passwd, name, surname, age, sex, country, type) VALUES('test@test.com','password','Tester','','1','F','VDA',0);
INSERT INTO Users(email, passwd, name, surname, age, sex, country, type) VALUES('berlusconi_s@camera.it','password','Silvio','Berlusconi','75','M','XXX',0);
INSERT INTO Users(email, passwd, name, surname, age, sex, country, type) VALUES('mhl.crr@gmail.com','password','Michele','Corrias','21','M','SAR',2);
INSERT INTO Users(email, passwd, name, surname, age, sex, country, type) VALUES('montanelli@dico.unimi.it','password','Stefano','Montanelli','30','M','LOM',1);
INSERT INTO Users(email, passwd, name, surname, age, sex, country, type) VALUES('ferrara@dico.unimi.it','password','Alfio','Ferrara','30','M','LOM',1);
INSERT INTO Users(email, passwd, name, surname, age, sex, country, type) VALUES('supermariobros@nintendo.org','password','Mario','Mario','30','M','CAM',0);
INSERT INTO Users(email, passwd, name, surname, age, sex, country, type) VALUES('luigibros@nintendo.org','password','Luigi','Mario','28','M','CAM',0);
INSERT INTO Users(email, passwd, name, surname, age, sex, country, type) VALUES('ken.shiro@hokuto.net','password','Ken','Shiro','45','M','XXX',0);
INSERT INTO Users(email, passwd, name, surname, age, sex, country, type) VALUES('margherita.hack@fis.it','password','Margherita','Hack','89','F','FVG',0);
INSERT INTO Users(email, passwd, name, surname, age, sex, country, type) VALUES('biancaneve@settenani.org','password','Bianca','Neve','70','F','VEN',0);
INSERT INTO Users(email, passwd, name, surname, age, sex, country, type) VALUES('ruby@bungabunga.eu','password','Ruby','Rubacuori','20','F','PIE',0);
INSERT INTO Users(email, passwd, name, surname, age, sex, country, type) VALUES('spongebob@mediaset.com','password','Spongebob','Squarepants','10','F','TOS',0);
INSERT INTO Users(email, passwd, name, surname, age, sex, country, type) VALUES('joker@batman.uk','password','Joker','Unknown','71','M','SIC',0);
INSERT INTO Users(email, passwd, name, surname, age, sex, country, type) VALUES('rocky@boxe.it','password','Rocky','Balboa','64','M','CAL',0);
INSERT INTO Users(email, passwd, name, surname, age, sex, country, type) VALUES('gabibbo@mediaset.it','password','Gabibbo','di Striscia','40','M','LIG',0);
INSERT INTO Users(email, passwd, name, surname, age, sex, country, type) VALUES('homer@simpson.us','password','Homer','Simpson','40','M','PUG',0);
INSERT INTO Users(email, passwd, name, surname, age, sex, country, type) VALUES('peter@griffin.us','password','Peter','Griffin','40','M','ABR',0);

INSERT INTO friend VALUES (1, 3, true);
INSERT INTO friend VALUES (3, 6, true);
INSERT INTO friend VALUES (6, 7, true);
INSERT INTO friend VALUES (3, 8, true);
INSERT INTO friend VALUES (6, 8, true);
INSERT INTO friend VALUES (1, 8, true);
INSERT INTO friend VALUES (1, 9, true);
INSERT INTO friend VALUES (2, 10, true);
INSERT INTO friend VALUES (1, 10, true);
INSERT INTO friend VALUES (2, 11, true);
INSERT INTO friend VALUES (1, 12, true);
INSERT INTO friend VALUES (6, 13, true);
INSERT INTO friend VALUES (1, 13, true);
INSERT INTO friend VALUES (13, 3, true);
INSERT INTO friend VALUES (3, 14, true);
INSERT INTO friend VALUES (14, 8, false);
INSERT INTO friend VALUES (1, 15, true);
INSERT INTO friend VALUES (12, 16, true);
INSERT INTO friend VALUES (1, 16, true);
INSERT INTO friend VALUES (12, 17, true);
INSERT INTO friend VALUES (17, 16, true);
INSERT INTO friend VALUES (14, 1, true);
INSERT INTO friend VALUES (6, 1, true);
INSERT INTO friend VALUES (2, 1, true);
INSERT INTO friend VALUES (16, 3, true);
INSERT INTO friend VALUES (17, 3, true);

INSERT INTO Game(name, sugg_age, n_player, type) VALUES ('Girotondo', 3, 5, 3);
INSERT INTO Game(name, sugg_age, n_player, type) VALUES ('Briscola', 14, 3, 2);
INSERT INTO Game(name, sugg_age, n_player, type) VALUES ('Monopoli', 8, 6, 1);
INSERT INTO Game(name, sugg_age, n_player, type) VALUES ('Super Mario Bros.', 6, 1, 0);
INSERT INTO Game(name, sugg_age, n_player, type) VALUES ('Alex Kid', 6, 1, 0);
INSERT INTO Game(name, sugg_age, n_player, type) VALUES ('Medal Of Honour', 14, 1, 0);
INSERT INTO Game(name, sugg_age, n_player, type) VALUES ('Halo', 7, 1, 0);
INSERT INTO Game(name, sugg_age, n_player, type) VALUES ('Tombola', 20, 2, 1);
INSERT INTO Game(name, sugg_age, n_player, type) VALUES ('Scopa', 17, 2, 2);
INSERT INTO Game(name, sugg_age, n_player, type) VALUES ('Medievil', 8, 1, 0);
INSERT INTO Game(name, sugg_age, n_player, type) VALUES ('Bunga Bunga', 18, 2, 3);

INSERT INTO Expected_Card(type) VALUES('francesi');
INSERT INTO Expected_Card(type) VALUES('bergamasche');
INSERT INTO Expected_Card(type) VALUES('bolognesi');
INSERT INTO Expected_Card(type) VALUES('bresciane');
INSERT INTO Expected_Card(type) VALUES('genovesi');
INSERT INTO Expected_Card(type) VALUES('lombarde');
INSERT INTO Expected_Card(type) VALUES('siciliane');
INSERT INTO Expected_Card(type) VALUES('nuoresi');
INSERT INTO Expected_Card(type) VALUES('piacentine');
INSERT INTO Expected_Card(type) VALUES('piemontesi');
INSERT INTO Expected_Card(type) VALUES('romagnole');
INSERT INTO Expected_Card(type) VALUES('romane');
INSERT INTO Expected_Card(type) VALUES('sarde');
INSERT INTO Expected_Card(type) VALUES('toscane_fiorentine');
INSERT INTO Expected_Card(type) VALUES('trentine');
INSERT INTO Expected_Card(type) VALUES('trevisane');
INSERT INTO Expected_Card(type) VALUES('triestine');
INSERT INTO Expected_Card(type) VALUES('viterbesi');
INSERT INTO Expected_Card(type) VALUES('spagnole');
INSERT INTO Expected_Card(type) VALUES('tedesche_austriache');
INSERT INTO Expected_Card(type) VALUES('svizzere');
INSERT INTO Expected_Card(type) VALUES('tarocchi');
INSERT INTO Expected_Card(type) VALUES('collezione');

INSERT INTO Console VALUES('Sony','Play Station');
INSERT INTO Console VALUES('Sony','Play Station 2');
INSERT INTO Console VALUES('Sony','Play Station 3');
INSERT INTO Console VALUES('Sony','PSP');
INSERT INTO Console VALUES('Microsoft','XBox');
INSERT INTO Console VALUES('Microsoft','XBox 360');
INSERT INTO Console VALUES('Nintendo','Wii');
INSERT INTO Console VALUES('Nintendo','GameBoy');
INSERT INTO Console VALUES('Nintendo','DS');
INSERT INTO Console VALUES('Sega','Master System');
INSERT INTO Console VALUES('Sega','Mega Drive');
INSERT INTO Console VALUES('Other','PC');
INSERT INTO Console VALUES('Other','Other');

INSERT INTO tag VALUES ('di strategia');
INSERT INTO tag VALUES ('di economia');
INSERT INTO tag VALUES ('rompicapo');
INSERT INTO tag VALUES ('xxx');
INSERT INTO tag VALUES ('sparatutto');
INSERT INTO tag VALUES ('di intelligenza');
INSERT INTO tag VALUES ('di pazienza');
INSERT INTO tag VALUES ('di avventura');

INSERT INTO association VALUES ('sparatutto', 7);
INSERT INTO association VALUES ('di intelligenza', 2);
INSERT INTO association VALUES ('di pazienza', 8);
INSERT INTO association VALUES ('di avventura', 5);
INSERT INTO association VALUES ('di avventura', 4);
INSERT INTO association VALUES ('sparatutto', 6);
INSERT INTO association VALUES ('di intelligenza', 3);
INSERT INTO association VALUES ('di pazienza', 3);
INSERT INTO association VALUES ('di strategia', 3);
INSERT INTO association VALUES ('di economia', 3);
INSERT INTO association VALUES ('xxx', 11);
INSERT INTO association VALUES ('di intelligenza', 6);
INSERT INTO association VALUES ('di avventura', 6);
INSERT INTO association VALUES ('di strategia', 4);
INSERT INTO association VALUES ('di avventura', 10);
INSERT INTO association VALUES ('di strategia', 10);
INSERT INTO association VALUES ('di avventura', 7);
INSERT INTO association VALUES ('di strategia', 7);

INSERT INTO desired VALUES (1, 9);
INSERT INTO desired VALUES (1, 2);
INSERT INTO desired VALUES (1, 4);
INSERT INTO desired VALUES (1, 5);
INSERT INTO desired VALUES (1, 6);
INSERT INTO desired VALUES (2, 1);
INSERT INTO desired VALUES (2, 4);
INSERT INTO desired VALUES (2, 5);
INSERT INTO desired VALUES (2, 6);
INSERT INTO desired VALUES (6, 6);
INSERT INTO desired VALUES (9, 4);
INSERT INTO desired VALUES (11, 3);
INSERT INTO desired VALUES (13, 6);
INSERT INTO desired VALUES (15, 1);
INSERT INTO desired VALUES (3, 8);
INSERT INTO desired VALUES (3, 10);
INSERT INTO desired VALUES (7, 4);
INSERT INTO desired VALUES (7, 5);
INSERT INTO desired VALUES (10, 11);
INSERT INTO desired VALUES (14, 11);
INSERT INTO desired VALUES (14, 7);
INSERT INTO desired VALUES (14, 10);
INSERT INTO desired VALUES (15, 10);
INSERT INTO desired VALUES (17, 3);
INSERT INTO desired VALUES (17, 7);
INSERT INTO desired VALUES (17, 6);
INSERT INTO desired VALUES (17, 10);
INSERT INTO desired VALUES (16, 1);

INSERT INTO hadtried VALUES (3, 4, 'admin', 10);
INSERT INTO hadtried VALUES (3, 6, 'admin', 7);
INSERT INTO hadtried VALUES (12, 5, 'gg', 9);
INSERT INTO hadtried VALUES (1, 7, 'It''s a great game!', 7);
INSERT INTO hadtried VALUES (3, 1, 'Giro giro tondo...', 6);
INSERT INTO hadtried VALUES (3, 2, 'Mi piace di pi&ugrave; la scopa!', 3);
INSERT INTO hadtried VALUES (3, 3, 'Il funghetto &egrave; fantastico!', 10);
INSERT INTO hadtried VALUES (3, 5, 'Rules! il gioco della mia infanzia!', 10);
INSERT INTO hadtried VALUES (8, 5, '[update by the admin] ahtatatatatauata!', 6);
INSERT INTO hadtried VALUES (2, 3, 'Ho comprato tutto! in faccia ai giudici e al fisco', 10);
INSERT INTO hadtried VALUES (2, 11, 'Modestamente sono un maestro! mi consenta...', 10);
INSERT INTO hadtried VALUES (6, 4, 'Per ovvi motivi mi piace', 10);
INSERT INTO hadtried VALUES (7, 10, 'Tuturutututu', 9);
INSERT INTO hadtried VALUES (7, 6, 'Me l''ha consigliato mio fratello mario, ma non mi piace!', 4);
INSERT INTO hadtried VALUES (8, 1, 'Hokuto non si spreca con certi giochetti da bambini', 1);
INSERT INTO hadtried VALUES (8, 4, 'Tu ormai sei gi&agrave; morto', 5);
INSERT INTO hadtried VALUES (8, 3, 'Se non mi vendi parco della vittoria tra tre secondi morirai.', 3);
INSERT INTO hadtried VALUES (8, 2, 'In un mondo devastato dalla catastrofe nucleare..una partita ci sta sempre!', 9);
INSERT INTO hadtried VALUES (8, 6, 'Aatatatatatatatatata...uattaaa!', 1);
INSERT INTO hadtried VALUES (9, 7, '', 6);
INSERT INTO hadtried VALUES (10, 1, 'Lalalalalalala', 7);
INSERT INTO hadtried VALUES (11, 11, 'Sono bravissima, ma mi ha insegnato tutto silvio!', 10);
INSERT INTO hadtried VALUES (13, 7, 'Batman si mangier&agrave; le mani quando lo vedr&agrave;!', 8);
INSERT INTO hadtried VALUES (14, 3, 'Adrianaa', 8);
INSERT INTO hadtried VALUES (15, 11, 'Belandi', 8);
INSERT INTO hadtried VALUES (17, 8, 'Ehehehhehehehe', 7);
INSERT INTO hadtried VALUES (17, 5, NULL, NULL);
INSERT INTO hadtried VALUES (16, 4, 'Deihihihiohuh', 9);
INSERT INTO hadtried VALUES (16, 8, 'Doh!', 8);

INSERT INTO videogame VALUES (4);
INSERT INTO videogame VALUES (5);
INSERT INTO videogame VALUES (6);
INSERT INTO videogame VALUES (7);
INSERT INTO videogame VALUES (10);
INSERT INTO tablegame VALUES (3, 4, 120);
INSERT INTO tablegame VALUES (8, 5, 120);
INSERT INTO cardgame VALUES (2, 'francesi');
INSERT INTO cardgame VALUES (9, 'bergamasche');
INSERT INTO other VALUES (1);
INSERT INTO other VALUES (11);

INSERT INTO reference VALUES (4, 'DS');
INSERT INTO reference VALUES (4, 'GameBoy');
INSERT INTO reference VALUES (5, 'Master System');
INSERT INTO reference VALUES (7, 'Play Station 3');
INSERT INTO reference VALUES (7, 'XBox 360');
INSERT INTO reference VALUES (6, 'Play Station');
INSERT INTO reference VALUES (6, 'Play Station 2');
INSERT INTO reference VALUES (6, 'Play Station 3');
INSERT INTO reference VALUES (6, 'XBox');
INSERT INTO reference VALUES (6, 'XBox 360');
INSERT INTO reference VALUES (6, 'PC');
INSERT INTO reference VALUES (10, 'Play Station');
INSERT INTO reference VALUES (10, 'PC');
INSERT INTO reference VALUES (10, 'Other');

SELECT * FROM stat_user_fill();
SELECT * FROM stat_user_avg_fill();
SELECT * FROM stat_game_fill();
SELECT * FROM stat_game_sex_fill();
SELECT * FROM stat_game_age_fill();
SELECT * FROM stat_game_country_fill();
